{
  "posts": [
    {
      "id": 1,
      "title": "json-server",
      "author": "typicode"
    }
  ],
  "comments": [
    {
      "id": 1,
      "body": "some comment",
      "postId": 1
    }
  ],
  "profile": {
    "name": "typicode"
  },
  "User": [
    {
      "id": 1,
      "merchantName": "vicky",
      "email": "vc@gmail.com",
      "password": "vcbv",
      "catogory": "clothes",
      "productName": "t-Shirs"
    },
    {
      "id": 2,
      "merchantName": "vicky",
      "email": "vc@gmail.com",
      "password": "vcbv",
      "catogory": "clothes",
      "productName": "t-Shirs"
    },
    {
      "merchantName": "venu",
      "email": "venu@gmail.com",
      "password": "sdgsdh",
      "catogory": "clothes",
      "productName": "t-shirt",
      "id": 3
    },
    {
      "merchantName": "venu",
      "email": "venu@gmail.com",
      "password": "sdgsdh",
      "catogory": "clothes",
      "productName": "t-shirt",
      "id": 4
    },
    {
      "merchantName": "venu",
      "email": "venu@gmail.com",
      "password": "sdgsdh",
      "catogory": "clothes",
      "productName": "t-shirt",
      "id": 5
    },
    {
      "merchantName": "venu",
      "email": "venu@gmail.com",
      "password": "sdgsdh",
      "catogory": "clothes",
      "productName": "t-shirt",
      "id": 6
    },
    {
      "merchantName": "venu",
      "email": "venu@gmail.com",
      "password": "sdgsdh",
      "catogory": "clothes",
      "productName": "t-shirt",
      "id": 7
    },
    {
      "merchantName": "venu",
      "email": "venu@gmail.com",
      "password": "sdgsdh",
      "catogory": "clothes",
      "productName": "t-shirt",
      "id": 8
    },
    {
      "merchantName": "venu",
      "email": "venu@gmail.com",
      "password": "sdgsdh",
      "catogory": "clothes",
      "productName": "t-shirt",
      "id": 9
    },
    {
      "merchantName": "venu",
      "email": "venu@gmail.com",
      "password": "sdgsdh",
      "catogory": "clothes",
      "productName": "t-shirt",
      "id": 10
    },
    {
      "merchantName": "vali",
      "email": "vali@gmail.com",
      "password": "sdghdg",
      "catogory": "jksdvhjk",
      "productName": "jkdhjk",
      "id": 11
    },
    {
      "merchantName": "ghasdvdbv",
      "email": "sd,.sdnmm",
      "password": "sdv.m,l",
      "catogory": "sdm,n m",
      "productName": "sdvnmbm",
      "id": 12
    },
    {
      "merchantName": "ghasdvdbv",
      "email": "sd,.sdnmm",
      "password": "sdv.m,l",
      "catogory": "sdm,n m",
      "productName": "sdvnmbm",
      "id": 13
    },
    {
      "merchantName": "sdjkhbdfjk",
      "email": "nhjsjknh",
      "password": "klnjknh",
      "catogory": "jklsdvhjksdnh",
      "productName": "jklsdnjksdn",
      "id": 14
    },
    {
      "merchantName": "grhjb",
      "email": "jkhsdfjkjk",
      "password": "herjknhjk",
      "catogory": "jhsdrjknh",
      "productName": "jklsdfhfjk",
      "id": 15
    }
  ]
}